{"lightgbm": 0.9317262009502023, "logistic_regression": 0.9241597747668485, "random_forest": 0.8140066866091853, "xgboost": 0.8945979236318846, "decision_tree": 0.7513637163469998, "naive_bayes": 0.8407531233503431, "stacking": 0.9296146401548477}